,Narration,Withdrawal Amt,Deposit Amt,Withdrawal Sum,Deposit Sum,Net Expense,Net Expense per Month
1,UPI-GO AIRLINE-GOAIRLINE27.RZP@ICICI-ICIC0DC0099-309176233225-PAY VIA RAZORPAY,200.0,0.0,75325.99,320789.0,245463.01,20455.250833333335
2,UPI-UBER INDIA SYSTEMS P-UBERRIDES@HDFCBANK-HDFC0000499-309278511324-CHARGE,1199.37,0.0,75325.99,320789.0,245463.01,20455.250833333335
3,UPI-DUNZO-DUNZO.CASHFREE@HDFCBANK-HDFC0004460-309301344277-DUNZO ORDER,390.0,0.0,75325.99,320789.0,245463.01,20455.250833333335
5,UPI-VENKATESH  K-VARUNVC23@OKHDFCBANK-KARB0000124-309545926487-AUTO,250.88,0.0,75325.99,320789.0,245463.01,20455.250833333335
7,UPI-UBER INDIA SYSTEMS P-UBER@AXISBANK-UTIB0000000-309641721969-CHARGE,99.26,0.0,75325.99,320789.0,245463.01,20455.250833333335
12,UPI-UBER INDIA SYSTEMS P-UBERRIDES@HDFCBANK-HDFC0000499-309790654267-CHARGE,166.12,0.0,75325.99,320789.0,245463.01,20455.250833333335
13,UPI-UBER INDIA SYSTEMS P-UBERRIDES@HDFCBANK-HDFC0000499-309791022568-CHARGE,221.96,0.0,75325.99,320789.0,245463.01,20455.250833333335
14,UPI-UBER INDIA SYSTEMS P-UBERRIDES@HDFCBANK-HDFC0000499-309891654271-CHARGE,251.64,0.0,75325.99,320789.0,245463.01,20455.250833333335
15,UPI-UBER INDIA SYSTEMS P-UBERRIDES@HDFCBANK-HDFC0000499-309892248981-CHARGE,259.07,0.0,75325.99,320789.0,245463.01,20455.250833333335
19,UPI-UBER INDIA SYSTEMS P-UBERRIDES@HDFCBANK-HDFC0000499-310198303327-CHARGE,250.33,0.0,75325.99,320789.0,245463.01,20455.250833333335
21,UPI-UBER INDIA SYSTEMS P-UBERRIDES@HDFCBANK-HDFC0000499-310200414438-CHARGE,250.08,0.0,75325.99,320789.0,245463.01,20455.250833333335
22,UPI-UBER INDIA SYSTEMS P-UBERRIDES@HDFCBANK-HDFC0000499-310302522748-CHARGE,285.94,0.0,75325.99,320789.0,245463.01,20455.250833333335
25,UPI-UBER INDIA SYSTEMS P-UBERRIDES@HDFCBANK-HDFC0000499-310609253765-CHARGE,144.67,0.0,75325.99,320789.0,245463.01,20455.250833333335
26,UPI-UBER INDIA SYSTEMS P-UBERRIDES@HDFCBANK-HDFC0000499-310609482434-CHARGE,134.23,0.0,75325.99,320789.0,245463.01,20455.250833333335
28,UPI-UBER INDIA SYSTEMS P-UBERRIDES@HDFCBANK-HDFC0000499-310710454466-CHARGE,279.46,0.0,75325.99,320789.0,245463.01,20455.250833333335
30,UPI-UBER INDIA SYSTEMS P-UBERRIDES@HDFCBANK-HDFC0000499-310812592093-CHARGE,250.98,0.0,75325.99,320789.0,245463.01,20455.250833333335
31,UPI-UBER INDIA SYSTEMS P-UBERRIDES@HDFCBANK-HDFC0000499-310914664574-CHARGE,247.59,0.0,75325.99,320789.0,245463.01,20455.250833333335
33,UPI-UBER INDIA SYSTEMS P-UBERRIDES@HDFCBANK-HDFC0000499-311017910204-CHARGE,68.36,0.0,75325.99,320789.0,245463.01,20455.250833333335
34,UPI-UBER INDIA SYSTEMS P-UBERRIDES@HDFCBANK-HDFC0000499-311018013421-CHARGE,95.6,0.0,75325.99,320789.0,245463.01,20455.250833333335
37,UPI-UBER INDIA SYSTEMS P-UBERRIDES@HDFCBANK-HDFC0000499-311018297384-CHARGE,73.6,0.0,75325.99,320789.0,245463.01,20455.250833333335
40,UPI-UBER INDIA SYSTEMS P-UBERRIDES@HDFCBANK-HDFC0000499-311221502127-CHARGE,35.04,0.0,75325.99,320789.0,245463.01,20455.250833333335
41,UPI-UBER INDIA SYSTEMS P-UBERRIDES@HDFCBANK-HDFC0000499-311375998446-UBERRIDE,86.29,0.0,75325.99,320789.0,245463.01,20455.250833333335
44,UPI-UBER INDIA SYSTEMS P-UBERRIDES@HDFCBANK-HDFC0000499-311528056439-UBERRIDE,543.09,0.0,75325.99,320789.0,245463.01,20455.250833333335
45,UPI-UBER INDIA SYSTEMS P-UBERRIDES@HDFCBANK-HDFC0000499-311526790047-CHARGE,285.94,0.0,75325.99,320789.0,245463.01,20455.250833333335
46,UPI-UBER INDIA SYSTEMS P-UBERRIDES@HDFCBANK-HDFC0000499-311628437569-CHARGE,309.55,0.0,75325.99,320789.0,245463.01,20455.250833333335
47,UPI-UBER INDIA SYSTEMS P-UBER@AXISBANK-UTIB0000000-311638205805-CHARGE,251.83,0.0,75325.99,320789.0,245463.01,20455.250833333335
50,UPI-UBER INDIA SYSTEMS P-UBERRIDES@HDFCBANK-HDFC0000499-311731018479-CHARGE,252.1,0.0,75325.99,320789.0,245463.01,20455.250833333335
51,UPI-NAGARAJU-8088765084@YBL-CNRB0000033-311789999582-AUTO,50.0,0.0,75325.99,320789.0,245463.01,20455.250833333335
53,UPI-UBER INDIA SYSTEMS P-UBERRIDES@HDFCBANK-HDFC0000499-312038252704-CHARGE,35.04,0.0,75325.99,320789.0,245463.01,20455.250833333335
55,UPI-UBER INDIA SYSTEMS P-UBERRIDES@HDFCBANK-HDFC0000499-312242216237-CHARGE,288.76,0.0,75325.99,320789.0,245463.01,20455.250833333335
56,UPI-UBER INDIA SYSTEMS P-UBERRIDES@HDFCBANK-HDFC0000499-312243805978-CHARGE,41.53,0.0,75325.99,320789.0,245463.01,20455.250833333335
57,UPI-UBER INDIA SYSTEMS P-UBERRIDES@HDFCBANK-HDFC0000499-312335952567-UBERRIDE,30.84,0.0,75325.99,320789.0,245463.01,20455.250833333335
58,UPI-UBER INDIA SYSTEMS P-UBERRIDES@HDFCBANK-HDFC0000499-312344797902-CHARGE,252.1,0.0,75325.99,320789.0,245463.01,20455.250833333335
60,UPI-KUMAR V-K97867117@OKICICI-UCBA0001136-312349211085-AUTO,50.0,0.0,75325.99,320789.0,245463.01,20455.250833333335
64,UPI-UBER INDIA SYSTEMS P-UBERRIDES@HDFCBANK-HDFC0000499-312551655340-CHARGE,150.0,0.0,75325.99,320789.0,245463.01,20455.250833333335
65,UPI-UBER INDIA SYSTEMS P-UBER@AXISBANK-UTIB0000000-312584856098-CHARGE,105.0,0.0,75325.99,320789.0,245463.01,20455.250833333335
68,UPI-UBER INDIA SYSTEMS P-UBERRIDES@HDFCBANK-HDFC0000499-312755808122-CHARGE,225.59,0.0,75325.99,320789.0,245463.01,20455.250833333335
69,UPI-UBER INDIA SYSTEMS P-UBERRIDES@HDFCBANK-HDFC0000499-312756137766-CHARGE,295.35,0.0,75325.99,320789.0,245463.01,20455.250833333335
70,UPI-UBER INDIA SYSTEMS P-UBERRIDES@HDFCBANK-HDFC0000499-312959647541-CHARGE,252.1,0.0,75325.99,320789.0,245463.01,20455.250833333335
71,UPI-MOHAMMED  SHOAIB-MDSHOAIB2376@OKSBI-SBIN0017346-312908409017-AUTO,50.0,0.0,75325.99,320789.0,245463.01,20455.250833333335
74,UPI-UBER INDIA SYSTEMS P-UBERRIDES@HDFCBANK-HDFC0000499-313062533835-CHARGE,283.15,0.0,75325.99,320789.0,245463.01,20455.250833333335
75,UPI-MR ARUL KANNIYAPPAN-ARULMONICA2018@OKHDFCBANK-IDIB000P236-313038605079-UBER TO CAFE,256.0,0.0,75325.99,320789.0,245463.01,20455.250833333335
83,UPI-UBER INDIA SYSTEMS P-UBERRIDES@HDFCBANK-HDFC0000499-313706827487-UBERRIDE,290.74,0.0,75325.99,320789.0,245463.01,20455.250833333335
84,UPI-UBER INDIA SYSTEMS P-UBERRIDES@HDFCBANK-HDFC0000499-313777026089-CHARGE,252.1,0.0,75325.99,320789.0,245463.01,20455.250833333335
85,UPI-UBER INDIA SYSTEMS P-UBERRIDES@HDFCBANK-HDFC0000499-313879276481-CHARGE,252.1,0.0,75325.99,320789.0,245463.01,20455.250833333335
86,UPI-MUDASIR PASHA-MUDASIRPASHA90083@OKAXIS-UTIB0001997-313849091072-UBER,162.0,0.0,75325.99,320789.0,245463.01,20455.250833333335
87,UPI-UBER INDIA SYSTEMS P-UBERRIDES@HDFCBANK-HDFC0000499-313981046967-CHARGE,224.68,0.0,75325.99,320789.0,245463.01,20455.250833333335
88,UPI-UBER INDIA SYSTEMS P-UBERRIDES@HDFCBANK-HDFC0000499-314186237124-CHARGE,35.04,0.0,75325.99,320789.0,245463.01,20455.250833333335
91,UPI-9902963887PAYTM-9902963887@PAYTM-BARB0VJHALX-350744054904-AUTO,50.0,0.0,75325.99,320789.0,245463.01,20455.250833333335
94,UPI-SUJITH KUMAR-916364401656@PAYTM-PYTM0123456-314366522791-AUTO,242.0,0.0,75325.99,320789.0,245463.01,20455.250833333335
96,UPI-PAYTMUSER-9902963887@PAYTM-BARB0VJHALX-314376492013-AUTO,60.0,0.0,75325.99,320789.0,245463.01,20455.250833333335
97,UPI-UBER INDIA SYSTEMS P-UBERRIDES@HDFCBANK-HDFC0000499-314492801826-CHARGE,285.38,0.0,75325.99,320789.0,245463.01,20455.250833333335
98,UPI-RAJESH  K S-9901605481@YBL-SBIN0009049-314403924422-AUTO,50.0,0.0,75325.99,320789.0,245463.01,20455.250833333335
108,UPI-UBER INDIA SYSTEMS P-UBERRIDES@HDFCBANK-HDFC0000499-315005249719-CHARGE,252.1,0.0,75325.99,320789.0,245463.01,20455.250833333335
109,UPI-UBER INDIA SYSTEMS P-UBERRIDES@HDFCBANK-HDFC0000499-315006381522-CHARGE,696.0,0.0,75325.99,320789.0,245463.01,20455.250833333335
114,UPI-UBER INDIA SYSTEMS P-UBERRIDES@HDFCBANK-HDFC0000499-315313124760-CHARGE,134.29,0.0,75325.99,320789.0,245463.01,20455.250833333335
118,UPI-UBER INDIA SYSTEMS P-UBERRIDES@HDFCBANK-HDFC0000499-315519860957-CHARGE,42.86,0.0,75325.99,320789.0,245463.01,20455.250833333335
119,UPI-UBER INDIA SYSTEMS P-UBERRIDES@HDFCBANK-HDFC0000499-315621503359-CHARGE,251.83,0.0,75325.99,320789.0,245463.01,20455.250833333335
126,UPI-UBER INDIA SYSTEMS P-UBERRIDES@HDFCBANK-HDFC0000499-315897709530-UBERRIDE,285.38,0.0,75325.99,320789.0,245463.01,20455.250833333335
128,UPI-SHANTHA KUMAR  S-BHARATPE09900470000@YESBANKLTD-YESB0YESUPI-315856494295-AUTO,50.0,0.0,75325.99,320789.0,245463.01,20455.250833333335
129,UPI-KUMARESH N-6362374867@AXL-UBIN0906042-315859457780-UBER,147.0,0.0,75325.99,320789.0,245463.01,20455.250833333335
130,UPI-UBER INDIA SYSTEMS P-UBERRIDES@HDFCBANK-HDFC0000499-316090641075-UBERRIDE,191.37,0.0,75325.99,320789.0,245463.01,20455.250833333335
131,UPI-UBER INDIA SYSTEMS P-UBERRIDES@HDFCBANK-HDFC0000499-316033307247-CHARGE,234.0,0.0,75325.99,320789.0,245463.01,20455.250833333335
132,UPI-UBER INDIA SYSTEMS P-UBERRIDES@HDFCBANK-HDFC0000499-316034816396-CHARGE,90.24,0.0,75325.99,320789.0,245463.01,20455.250833333335
135,UPI-UBER INDIA SYSTEMS P-UBER@AXISBANK-UTIB0000000-316456365946-CHARGE,251.83,0.0,75325.99,320789.0,245463.01,20455.250833333335
137,UPI-UBER INDIA SYSTEMS P-UBERRIDES@HDFCBANK-HDFC0000499-316545810706-CHARGE,280.58,0.0,75325.99,320789.0,245463.01,20455.250833333335
145,UPI-UBER INDIA SYSTEMS P-UBER@AXISBANK-UTIB0000000-316898821106-CHARGE,35.04,0.0,75325.99,320789.0,245463.01,20455.250833333335
146,UPI-UBER INDIA SYSTEMS P-UBERRIDES@HDFCBANK-HDFC0000499-316853557327-CHARGE,76.14,0.0,75325.99,320789.0,245463.01,20455.250833333335
153,UPI-UBER INDIA SYSTEMS P-UBERRIDES@HDFCBANK-HDFC0000499-317261996908-CHARGE,254.36,0.0,75325.99,320789.0,245463.01,20455.250833333335
154,UPI-UBER INDIA SYSTEMS P-UBERRIDES@HDFCBANK-HDFC0000499-353988731965-UBERRIDE,35.04,0.0,75325.99,320789.0,245463.01,20455.250833333335
156,UPI-UBER INDIA SYSTEMS P-UBERRIDES@HDFCBANK-HDFC0000499-317326993269-UBERRIDE,446.64,0.0,75325.99,320789.0,245463.01,20455.250833333335
157,UPI-UBER INDIA SYSTEMS P-UBER@AXISBANK-UTIB0000000-317359980532-CHARGE,251.54,0.0,75325.99,320789.0,245463.01,20455.250833333335
162,UPI-UBER INDIA SYSTEMS P-UBERRIDES@HDFCBANK-HDFC0000499-317773133718-CHARGE,253.23,0.0,75325.99,320789.0,245463.01,20455.250833333335
165,UPI-UBER INDIA SYSTEMS P-UBERRIDES@HDFCBANK-HDFC0000499-317875886977-CHARGE,250.41,0.0,75325.99,320789.0,245463.01,20455.250833333335
167,UPI-MADHU SUDHAN N-MMADHUSUDAN605@YBL-HDFC0002710-317867299767-AUTO,50.0,0.0,75325.99,320789.0,245463.01,20455.250833333335
178,UPI-UBER INDIA SYSTEMS P-UBERRIDES@HDFCBANK-HDFC0000499-318594997339-CHARGE,276.08,0.0,75325.99,320789.0,245463.01,20455.250833333335
179,UPI-KUMAR V-K97867117@OKICICI-UCBA0001136-318544256508-AUTO,50.0,0.0,75325.99,320789.0,245463.01,20455.250833333335
183,UPI-UBER INDIA SYSTEMS P-UBERRIDES@HDFCBANK-HDFC0000499-318679474823-UBERRIDE,299.7,0.0,75325.99,320789.0,245463.01,20455.250833333335
184,UPI-UBER INDIA SYSTEMS P-UBERRIDES@HDFCBANK-HDFC0000499-318600036813-CHARGE,177.03,0.0,75325.99,320789.0,245463.01,20455.250833333335
186,UPI-UBER INDIA SYSTEMS P-UBERRIDES@HDFCBANK-HDFC0000499-318804578351-CHARGE,251.26,0.0,75325.99,320789.0,245463.01,20455.250833333335
188,UPI-MANJUNATH L-MANJUNATHJK5660-1@OKAXIS-UTIB0002971-318833768902-AUTO,50.0,0.0,75325.99,320789.0,245463.01,20455.250833333335
189,UPI-UBER INDIA SYSTEMS P-UBERRIDES@HDFCBANK-HDFC0000499-318907375749-CHARGE,11.68,0.0,75325.99,320789.0,245463.01,20455.250833333335
190,UPI-UBER INDIA SYSTEMS P-UBERRIDES@HDFCBANK-HDFC0000499-318907488431-CHARGE,319.92,0.0,75325.99,320789.0,245463.01,20455.250833333335
191,UPI-UBER INDIA SYSTEMS P-UBERRIDES@HDFCBANK-HDFC0000499-318908113894-CHARGE,285.94,0.0,75325.99,320789.0,245463.01,20455.250833333335
195,UPI-UBER INDIA SYSTEMS P-UBERRIDES@HDFCBANK-HDFC0000499-319316026304-CHARGE,250.98,0.0,75325.99,320789.0,245463.01,20455.250833333335
196,UPI-UBER INDIA SYSTEMS P-UBERRIDES@HDFCBANK-HDFC0000499-319417549759-CHARGE,359.94,0.0,75325.99,320789.0,245463.01,20455.250833333335
201,UPI-UBER INDIA SYSTEMS P-UBERRIDES@HDFCBANK-HDFC0000499-319762710140-UBERRIDE,203.88,0.0,75325.99,320789.0,245463.01,20455.250833333335
202,UPI-UBER INDIA SYSTEMS P-UBERRIDES@HDFCBANK-HDFC0000499-319725848999-CHARGE,35.04,0.0,75325.99,320789.0,245463.01,20455.250833333335
203,UPI-UBER INDIA SYSTEMS P-UBERRIDES@HDFCBANK-HDFC0000499-319725970875-CHARGE,62.34,0.0,75325.99,320789.0,245463.01,20455.250833333335
204,UPI-UBER INDIA SYSTEMS P-UBERRIDES@HDFCBANK-HDFC0000499-319726668074-CHARGE,63.95,0.0,75325.99,320789.0,245463.01,20455.250833333335
205,UPI-KRISHNAMURTHY  N-KRISHNA9164153-1@OKSBI-SBIN0040624-319778332208-AUTO,50.0,0.0,75325.99,320789.0,245463.01,20455.250833333335
207,UPI-UBER INDIA SYSTEMS P-UBERRIDES@HDFCBANK-HDFC0000499-319827564583-CHARGE,251.26,0.0,75325.99,320789.0,245463.01,20455.250833333335
209,UPI-LEELAVATHI G L-LEELAVATHIGL@YBL-CNRB0000033-319804778804-AUTO,50.0,0.0,75325.99,320789.0,245463.01,20455.250833333335
210,UPI-ASLAM   PASHA-8971785498@YBL-KKBK0008036-319912309784-AUTO,251.0,0.0,75325.99,320789.0,245463.01,20455.250833333335
211,UPI-MANU KUMAR M-9743306084@OKBIZAXIS-UTIB0000000-319930911888-AUTO,50.0,0.0,75325.99,320789.0,245463.01,20455.250833333335
216,UPI-UBER INDIA SYSTEMS P-UBERRIDES@HDFCBANK-HDFC0000499-320545773474-CHARGE,283.96,0.0,75325.99,320789.0,245463.01,20455.250833333335
218,UPI-UBER INDIA SYSTEMS P-UBERRIDES@HDFCBANK-HDFC0000499-320647528930-CHARGE,176.4,0.0,75325.99,320789.0,245463.01,20455.250833333335
220,UPI-UBER INDIA SYSTEMS P-UBERRIDES@HDFCBANK-HDFC0000499-320648952413-CHARGE,251.54,0.0,75325.99,320789.0,245463.01,20455.250833333335
222,UPI-UBER INDIA SYSTEMS P-UBERRIDES@HDFCBANK-HDFC0000499-320751450954-CHARGE,273.95,0.0,75325.99,320789.0,245463.01,20455.250833333335
227,UPI-UBER INDIA SYSTEMS P-UBERRIDES@HDFCBANK-HDFC0000499-321161321292-CHARGE,82.63,0.0,75325.99,320789.0,245463.01,20455.250833333335
229,UPI-UBER INDIA SYSTEMS P-UBERRIDES@HDFCBANK-HDFC0000499-321161514570-CHARGE,85.72,0.0,75325.99,320789.0,245463.01,20455.250833333335
233,UPI-UBER INDIA SYSTEMS P-UBERRIDES@HDFCBANK-HDFC0000499-321376331533-UBERRIDE,385.3,0.0,75325.99,320789.0,245463.01,20455.250833333335
234,UPI-UBER INDIA SYSTEMS P-UBERRIDES@HDFCBANK-HDFC0000499-321365742202-CHARGE,251.54,0.0,75325.99,320789.0,245463.01,20455.250833333335
236,UPI-JAGADEESHA L N-Q240934350@YBL-YESB0YBLUPI-321394214548-AUTO,50.0,0.0,75325.99,320789.0,245463.01,20455.250833333335
238,UPI-UBER INDIA SYSTEMS P-UBERRIDES@HDFCBANK-HDFC0000499-321572037896-CHARGE,284.25,0.0,75325.99,320789.0,245463.01,20455.250833333335
243,UPI-UBER INDIA SYSTEMS P-UBERRIDES@HDFCBANK-HDFC0000499-321777790521-CHARGE,173.71,0.0,75325.99,320789.0,245463.01,20455.250833333335
251,UPI-UBER INDIA SYSTEMS P-UBERRIDES@HDFCBANK-HDFC0000499-322086135501-CHARGE,246.46,0.0,75325.99,320789.0,245463.01,20455.250833333335
254,UPI-UBER INDIA SYSTEMS P-UBERRIDES@HDFCBANK-HDFC0000499-322190462506-CHARGE,359.91,0.0,75325.99,320789.0,245463.01,20455.250833333335
256,UPI-UBER INDIA SYSTEMS P-UBERRIDES@HDFCBANK-HDFC0000499-322291351376-CHARGE,259.71,0.0,75325.99,320789.0,245463.01,20455.250833333335
264,UPI-UBER INDIA SYSTEMS P-UBERRIDES@HDFCBANK-HDFC0000499-322702965839-CHARGE,174.21,0.0,75325.99,320789.0,245463.01,20455.250833333335
266,UPI-UBER INDIA SYSTEMS P-UBER@AXISBANK-UTIB0000000-322792013273-CHARGE,187.01,0.0,75325.99,320789.0,245463.01,20455.250833333335
267,UPI-BHARATH RAO-TINKU1RAO-1@OKAXIS-LAVB0000144-322707074484-AUTO,182.17,0.0,75325.99,320789.0,245463.01,20455.250833333335
271,UPI-PAYTMUSER-9845563995945@PAYTM-CNRB0000033-322821308268-AUTO,259.71,0.0,75325.99,320789.0,245463.01,20455.250833333335
283,UPI-UBER INDIA SYSTEMS P-UBERRIDES@HDFCBANK-HDFC0000499-323420252265-CHARGE,276.46,0.0,75325.99,320789.0,245463.01,20455.250833333335
286,UPI-UBER INDIA SYSTEMS P-UBERRIDES@HDFCBANK-HDFC0000499-323522703271-CHARGE,255.71,0.0,75325.99,320789.0,245463.01,20455.250833333335
288,UPI-MR SANJEEVA GANIGA-PAYTMQR2810050501010ZOGDS19UG2M@PAYTM-PYTM0123456-323540959195-AUTO,40.0,0.0,75325.99,320789.0,245463.01,20455.250833333335
289,UPI-LOHITH M D-98446592@YBL-KKBK0008339-323650188563-AUTO,255.0,0.0,75325.99,320789.0,245463.01,20455.250833333335
291,UPI-NARAYANA  S-9845501631@YBL-SBIN0009049-323670371080-AUTO,50.0,0.0,75325.99,320789.0,245463.01,20455.250833333335
297,UPI-SHWETHA-S26.LEKHA1@IBL-UBIN0902136-324225796385-AUTO,268.0,0.0,75325.99,320789.0,245463.01,20455.250833333335
298,UPI-MR SANJEEVA GANIGA-PAYTMQR2810050501010ZOGDS19UG2M@PAYTM-PYTM0123456-324247770014-AUTO,50.0,0.0,75325.99,320789.0,245463.01,20455.250833333335
299,UPI-UBER INDIA SYSTEMS P-UBER@AXISBANK-UTIB0000000-324310962496-CHARGE,70.1,0.0,75325.99,320789.0,245463.01,20455.250833333335
300,UPI-UBER INDIA SYSTEMS P-UBERRIDES@HDFCBANK-HDFC0000499-324340862784-CHARGE,256.0,0.0,75325.99,320789.0,245463.01,20455.250833333335
304,UPI-UBER INDIA SYSTEMS P-UBER@AXISBANK-UTIB0000000-324337196713-CHARGE,509.92,0.0,75325.99,320789.0,245463.01,20455.250833333335
306,UPI-UBER INDIA SYSTEMS P-UBER@AXISBANK-UTIB0000000-324588937235-CHARGE,259.4,0.0,75325.99,320789.0,245463.01,20455.250833333335
307,UPI-UBER INDIA SYSTEMS P-UBER@AXISBANK-UTIB0000000-324518991118-CHARGE,53.45,0.0,75325.99,320789.0,245463.01,20455.250833333335
310,UPI-UBER INDIA SYSTEMS P-UBERRIDES@HDFCBANK-HDFC0000499-324751687783-CHARGE,256.0,0.0,75325.99,320789.0,245463.01,20455.250833333335
313,UPI-UDAY KUMAR M-UDAYKUMAR9606@YBL-PYTM0123456-324797581830-AUTO,50.0,0.0,75325.99,320789.0,245463.01,20455.250833333335
315,UPI-UBER INDIA SYSTEMS P-UBER@AXISBANK-UTIB0000000-324824132049-CHARGE,258.0,0.0,75325.99,320789.0,245463.01,20455.250833333335
319,UPI-UBER INDIA SYSTEMS P-UBER@AXISBANK-UTIB0000000-324959363003-CHARGE,266.63,0.0,75325.99,320789.0,245463.01,20455.250833333335
321,UPI-VASANTH A-AMZN0026720361@APL-UCBA0000024-324957971886-AUTO,50.0,0.0,75325.99,320789.0,245463.01,20455.250833333335
322,UPI-UBER INDIA SYSTEMS P-UBER@AXISBANK-UTIB0000000-325097597550-CHARGE,269.47,0.0,75325.99,320789.0,245463.01,20455.250833333335
324,UPI-RAPIDO-RAPIDO.RZP@ICICI-ICIC0DC0099-325086880049-UPI PAYMENT,221.0,0.0,75325.99,320789.0,245463.01,20455.250833333335
325,UPI-UBER INDIA SYSTEMS P-UBERRIDES@HDFCBANK-HDFC0000499-325163459369-CHARGE,278.87,0.0,75325.99,320789.0,245463.01,20455.250833333335
328,UPI-UBER INDIA SYSTEMS P-UBER@AXISBANK-UTIB0000000-325166727493-CHARGE,224.47,0.0,75325.99,320789.0,245463.01,20455.250833333335
329,UPI-UBER INDIA SYSTEMS P-UBERRIDES@HDFCBANK-HDFC0000499-325266689451-CHARGE,585.21,0.0,75325.99,320789.0,245463.01,20455.250833333335
332,UPI-UBER INDIA SYSTEMS P-UBERRIDES@HDFCBANK-HDFC0000499-325572774413-CHARGE,46.08,0.0,75325.99,320789.0,245463.01,20455.250833333335
333,UPI-UBER INDIA SYSTEMS P-UBERRIDES@HDFCBANK-HDFC0000499-325572919018-CHARGE,241.52,0.0,75325.99,320789.0,245463.01,20455.250833333335
335,UPI-UBER INDIA SYSTEMS P-UBERRIDES@HDFCBANK-HDFC0000499-325676043950-CHARGE,700.57,0.0,75325.99,320789.0,245463.01,20455.250833333335
337,UPI-UBER INDIA SYSTEMS P-UBERRIDES@HDFCBANK-HDFC0000499-325661624631-UBERRIDE,264.38,0.0,75325.99,320789.0,245463.01,20455.250833333335
338,UPI-UBER INDIA SYSTEMS P-UBERRIDES@HDFCBANK-HDFC0000499-325676776989-CHARGE,706.25,0.0,75325.99,320789.0,245463.01,20455.250833333335
344,UPI-UBER INDIA SYSTEMS P-UBERRIDES@HDFCBANK-HDFC0000499-326085960245-CHARGE,223.15,0.0,75325.99,320789.0,245463.01,20455.250833333335
349,UPI-NAGENDRA C P-SANJUNAGA8147@OKAXIS-BDBL0001810-326364505588-AUTO,238.0,0.0,75325.99,320789.0,245463.01,20455.250833333335
351,UPI-UBER INDIA SYSTEMS P-UBERRIDES@HDFCBANK-HDFC0000499-326393658651-CHARGE,254.16,0.0,75325.99,320789.0,245463.01,20455.250833333335
356,UPI-UBER INDIA SYSTEMS P-UBERRIDES@HDFCBANK-HDFC0000499-326803554504-CHARGE,245.77,0.0,75325.99,320789.0,245463.01,20455.250833333335
359,UPI-UBER INDIA SYSTEMS P-UBERRIDES@HDFCBANK-HDFC0000499-326805011447-CHARGE,339.92,0.0,75325.99,320789.0,245463.01,20455.250833333335
361,UPI-UBER INDIA SYSTEMS P-UBERRIDES@HDFCBANK-HDFC0000499-327008281778-CHARGE,274.07,0.0,75325.99,320789.0,245463.01,20455.250833333335
383,UPI-GAVISIDDAIAH B-JEEVAKUMAR960-2@OKICICI-KARB0000621-327679530194-AUTO,436.0,0.0,75325.99,320789.0,245463.01,20455.250833333335
384,UPI-RAMESH-9380951079@PAYTM-CNRB0000033-327604650866-AUTO,359.0,0.0,75325.99,320789.0,245463.01,20455.250833333335
386,UPI-UBER INDIA SYSTEMS P-UBERRIDES@HDFCBANK-HDFC0000499-327725701598-CHARGE,191.01,0.0,75325.99,320789.0,245463.01,20455.250833333335
389,UPI-UBER INDIA SYSTEMS P-UBERRIDES@HDFCBANK-HDFC0000499-327727133744-CHARGE,181.61,0.0,75325.99,320789.0,245463.01,20455.250833333335
391,UPI-UBER INDIA SYSTEMS P-UBERRIDES@HDFCBANK-HDFC0000499-327828590428-CHARGE,150.48,0.0,75325.99,320789.0,245463.01,20455.250833333335
394,UPI-UBER INDIA SYSTEMS P-UBERRIDES@HDFCBANK-HDFC0000499-327933372218-CHARGE,169.82,0.0,75325.99,320789.0,245463.01,20455.250833333335
397,UPI-UBER INDIA SYSTEMS P-UBERRIDES@HDFCBANK-HDFC0000499-328032933056-UBERRIDE,183.38,0.0,75325.99,320789.0,245463.01,20455.250833333335
398,UPI-UBER INDIA SYSTEMS P-UBERRIDES@HDFCBANK-HDFC0000499-328035830072-CHARGE,193.63,0.0,75325.99,320789.0,245463.01,20455.250833333335
400,UPI-UBER INDIA SYSTEMS P-UBERRIDES@HDFCBANK-HDFC0000499-328239691997-CHARGE,241.74,0.0,75325.99,320789.0,245463.01,20455.250833333335
401,UPI-UBER INDIA SYSTEMS P-UBERRIDES@HDFCBANK-HDFC0000499-328241371343-CHARGE,389.96,0.0,75325.99,320789.0,245463.01,20455.250833333335
404,UPI-UBER INDIA SYSTEMS P-UBER@AXISBANK-UTIB0000000-328320395903-CHARGE,184.22,0.0,75325.99,320789.0,245463.01,20455.250833333335
407,UPI-UBER INDIA SYSTEMS P-UBERRIDES@HDFCBANK-HDFC0000499-328343909570-CHARGE,168.35,0.0,75325.99,320789.0,245463.01,20455.250833333335
410,UPI-PRADEEP C N-9632665565@IBL-CNRB0000033-328480906800-AUTO,247.0,0.0,75325.99,320789.0,245463.01,20455.250833333335
414,UPI-YOGESHKUMAR  N-YOGEI7071@AXL-CNRB0000033-328937958378-AUTO,280.0,0.0,75325.99,320789.0,245463.01,20455.250833333335
416,UPI-UBER INDIA SYSTEMS P-UBERRIDES@HDFCBANK-HDFC0000499-328958456522-CHARGE,174.57,0.0,75325.99,320789.0,245463.01,20455.250833333335
418,UPI-UBER INDIA SYSTEMS P-UBERRIDES@HDFCBANK-HDFC0000499-329059353064-CHARGE,168.33,0.0,75325.99,320789.0,245463.01,20455.250833333335
419,UPI-UBER INDIA SYSTEMS P-UBERRIDES@HDFCBANK-HDFC0000499-329060749033-CHARGE,174.54,0.0,75325.99,320789.0,245463.01,20455.250833333335
420,UPI-UBER INDIA SYSTEMS P-UBERRIDES@HDFCBANK-HDFC0000499-329161644511-CHARGE,191.43,0.0,75325.99,320789.0,245463.01,20455.250833333335
421,UPI-UBER INDIA SYSTEMS P-UBERRIDES@HDFCBANK-HDFC0000499-329162881673-CHARGE,178.56,0.0,75325.99,320789.0,245463.01,20455.250833333335
422,UPI-UBER INDIA SYSTEMS P-UBERRIDES@HDFCBANK-HDFC0000499-329263798601-CHARGE,184.77,0.0,75325.99,320789.0,245463.01,20455.250833333335
423,UPI-UBER INDIA SYSTEMS P-UBERRIDES@HDFCBANK-HDFC0000499-329265353896-CHARGE,180.99,0.0,75325.99,320789.0,245463.01,20455.250833333335
425,UPI-UBER INDIA SYSTEMS P-UBERRIDES@HDFCBANK-HDFC0000499-329469336953-CHARGE,40.45,0.0,75325.99,320789.0,245463.01,20455.250833333335
426,UPI-UBER INDIA SYSTEMS P-UBERRIDES@HDFCBANK-HDFC0000499-329571083344-CHARGE,70.38,0.0,75325.99,320789.0,245463.01,20455.250833333335
427,UPI-UBER INDIA SYSTEMS P-UBERRIDES@HDFCBANK-HDFC0000499-329571172934-CHARGE,33.86,0.0,75325.99,320789.0,245463.01,20455.250833333335
428,UPI-UBER INDIA SYSTEMS P-UBER@AXISBANK-UTIB0000000-329610642018-CHARGE,17.06,0.0,75325.99,320789.0,245463.01,20455.250833333335
429,UPI-PAYTMUSER-9371519555@PAYTM-ESFB0001001-329676954836-UBER RIDE,194.0,0.0,75325.99,320789.0,245463.01,20455.250833333335
431,UPI-UBER INDIA SYSTEMS P-UBERRIDES@HDFCBANK-HDFC0000499-329673522734-CHARGE,207.65,0.0,75325.99,320789.0,245463.01,20455.250833333335
434,UPI-UBER INDIA SYSTEMS P-UBERRIDES@HDFCBANK-HDFC0000499-329876077995-CHARGE,244.44,0.0,75325.99,320789.0,245463.01,20455.250833333335
436,UPI-UBER INDIA SYSTEMS P-UBERRIDES@HDFCBANK-HDFC0000499-329877507320-CHARGE,153.46,0.0,75325.99,320789.0,245463.01,20455.250833333335
440,UPI-UBER INDIA SYSTEMS P-UBERRIDES@HDFCBANK-HDFC0000499-329978291041-CHARGE,176.19,0.0,75325.99,320789.0,245463.01,20455.250833333335
443,UPI-UBER INDIA SYSTEMS P-UBERRIDES@HDFCBANK-HDFC0000499-329979719943-CHARGE,166.08,0.0,75325.99,320789.0,245463.01,20455.250833333335
444,UPI-UBER INDIA SYSTEMS P-UBERRIDES@HDFCBANK-HDFC0000499-330080538108-CHARGE,171.39,0.0,75325.99,320789.0,245463.01,20455.250833333335
446,UPI-TOUSEEF PASHA S-8550838681@YBL-KKBK0008070-330025793174-UBER,152.0,0.0,75325.99,320789.0,245463.01,20455.250833333335
447,UPI-UBER INDIA SYSTEMS P-UBERRIDES@HDFCBANK-HDFC0000499-330081983852-CHARGE,37.67,0.0,75325.99,320789.0,245463.01,20455.250833333335
448,UPI-UBER INDIA SYSTEMS P-UBERRIDES@HDFCBANK-HDFC0000499-330182711776-CHARGE,184.02,0.0,75325.99,320789.0,245463.01,20455.250833333335
449,UPI-UBER INDIA SYSTEMS P-UBERRIDES@HDFCBANK-HDFC0000499-330183529629-CHARGE,172.32,0.0,75325.99,320789.0,245463.01,20455.250833333335
450,UPI-UBER INDIA SYSTEMS P-UBERRIDES@HDFCBANK-HDFC0000499-330285386109-CHARGE,75.35,0.0,75325.99,320789.0,245463.01,20455.250833333335
453,UPI-UBER INDIA SYSTEMS P-UBERRIDES@HDFCBANK-HDFC0000499-330386855949-CHARGE,191.6,0.0,75325.99,320789.0,245463.01,20455.250833333335
454,UPI-UBER INDIA SYSTEMS P-UBER@AXISBANK-UTIB0000000-330335351724-CHARGE,168.91,0.0,75325.99,320789.0,245463.01,20455.250833333335
456,UPI-UBER INDIA SYSTEMS P-UBERRIDES@HDFCBANK-HDFC0000499-330488467415-CHARGE,45.44,0.0,75325.99,320789.0,245463.01,20455.250833333335
457,UPI-UBER INDIA SYSTEMS P-UBERRIDES@HDFCBANK-HDFC0000499-330488538549-CHARGE,39.82,0.0,75325.99,320789.0,245463.01,20455.250833333335
458,UPI-CHANNAYYA PURANIK GU-CHANNAYYAPURANIK0@AXL-FDRL0005555-330436339733-UBER RIDE,190.0,0.0,75325.99,320789.0,245463.01,20455.250833333335
460,UPI-TUMMALAPALLI NAGA VE-URSTRULYSAROJ1@IBL-HDFC0001759-330461330979-UBER RIDE,175.0,0.0,75325.99,320789.0,245463.01,20455.250833333335
461,UPI-UBER INDIA SYSTEMS P-UBERRIDES@HDFCBANK-HDFC0000499-330591407893-CHARGE,281.36,0.0,75325.99,320789.0,245463.01,20455.250833333335
462,UPI-PAYTMUSER-8511804204@PAYTM-SBIN0002137-330598945343-UBER RIDE,203.0,0.0,75325.99,320789.0,245463.01,20455.250833333335
463,UPI-UBER INDIA SYSTEMS P-UBERRIDES@HDFCBANK-HDFC0000499-330694391130-CHARGE,276.64,0.0,75325.99,320789.0,245463.01,20455.250833333335
464,UPI-UBER INDIA SYSTEMS P-UBER@AXISBANK-UTIB0000000-330778339313-CHARGE,202.88,0.0,75325.99,320789.0,245463.01,20455.250833333335
465,UPI-UBER INDIA SYSTEMS P-UBERRIDES@HDFCBANK-HDFC0000499-330899929343-CHARGE,286.14,0.0,75325.99,320789.0,245463.01,20455.250833333335
467,UPI-UBER INDIA SYSTEMS P-UBERRIDES@HDFCBANK-HDFC0000499-330801522626-CHARGE,175.19,0.0,75325.99,320789.0,245463.01,20455.250833333335
469,UPI-HEMANTH KUMARA D U-AMZN0026701754@APL-KARB0000057-331051934081-UBER AUTO,276.0,0.0,75325.99,320789.0,245463.01,20455.250833333335
471,UPI-UBER INDIA SYSTEMS P-UBERRIDES@HDFCBANK-HDFC0000499-331007305767-CHARGE,329.9,0.0,75325.99,320789.0,245463.01,20455.250833333335
472,UPI-UBER INDIA SYSTEMS P-UBERRIDES@HDFCBANK-HDFC0000499-331113094034-UBERRIDE,244.31,0.0,75325.99,320789.0,245463.01,20455.250833333335
473,UPI-UBER INDIA SYSTEMS P-UBERRIDES@HDFCBANK-HDFC0000499-331113106397-UBERRIDE,11.68,0.0,75325.99,320789.0,245463.01,20455.250833333335
474,UPI-PAYTMUSER-7288987498910@PAYTM-SBIN0001267-331113558629-UBER,204.0,0.0,75325.99,320789.0,245463.01,20455.250833333335
475,UPI-UBER INDIA SYSTEMS P-UBERRIDES@HDFCBANK-HDFC0000499-331210823850-CHARGE,185.23,0.0,75325.99,320789.0,245463.01,20455.250833333335
477,UPI-UBER INDIA SYSTEMS P-UBERRIDES@HDFCBANK-HDFC0000499-331212496027-CHARGE,204.24,0.0,75325.99,320789.0,245463.01,20455.250833333335
478,UPI-UBER INDIA SYSTEMS P-UBERRIDES@HDFCBANK-HDFC0000499-331313388979-CHARGE,187.69,0.0,75325.99,320789.0,245463.01,20455.250833333335
481,UPI-UBER INDIA SYSTEMS P-UBERRIDES@HDFCBANK-HDFC0000499-331315020186-CHARGE,258.98,0.0,75325.99,320789.0,245463.01,20455.250833333335
483,UPI-UBER INDIA SYSTEMS P-UBERRIDES@HDFCBANK-HDFC0000499-331519252552-CHARGE,192.0,0.0,75325.99,320789.0,245463.01,20455.250833333335
484,UPI-RANJITH KUMAR S-7892301295@AXL-HDFC0000041-331560277254-RAPIDO BIKE,85.0,0.0,75325.99,320789.0,245463.01,20455.250833333335
490,UPI-UBER INDIA SYSTEMS P-UBERRIDES@HDFCBANK-HDFC0000499-331843738031-UBERRIDE,135.24,0.0,75325.99,320789.0,245463.01,20455.250833333335
491,UPI-DUNZO-DUNZO.CASHFREE@HDFCBANK-HDFC0004460-331848772996-DUNZO ORDER,101.0,0.0,75325.99,320789.0,245463.01,20455.250833333335
493,UPI-UBER INDIA SYSTEMS P-UBERRIDES@HDFCBANK-HDFC0000499-331925608774-CHARGE,181.32,0.0,75325.99,320789.0,245463.01,20455.250833333335
496,UPI-UBER INDIA SYSTEMS P-UBERRIDES@HDFCBANK-HDFC0000499-331926839273-CHARGE,203.75,0.0,75325.99,320789.0,245463.01,20455.250833333335
497,UPI-UBER INDIA SYSTEMS P-UBERRIDES@HDFCBANK-HDFC0000499-332027457541-CHARGE,276.64,0.0,75325.99,320789.0,245463.01,20455.250833333335
500,UPI-UBER INDIA SYSTEMS P-UBERRIDES@HDFCBANK-HDFC0000499-332129054061-CHARGE,339.95,0.0,75325.99,320789.0,245463.01,20455.250833333335
501,UPI-UBER INDIA SYSTEMS P-UBERRIDES@HDFCBANK-HDFC0000499-332129849344-CHARGE,278.14,0.0,75325.99,320789.0,245463.01,20455.250833333335
502,UPI-UBER INDIA SYSTEMS P-UBERRIDES@HDFCBANK-HDFC0000499-332131083023-CHARGE,329.94,0.0,75325.99,320789.0,245463.01,20455.250833333335
505,UPI-UBER INDIA SYSTEMS P-UBER@AXISBANK-UTIB0000000-332224522608-CHARGE,190.71,0.0,75325.99,320789.0,245463.01,20455.250833333335
509,UPI-UBER INDIA SYSTEMS P-UBERRIDES@HDFCBANK-HDFC0000499-332433999319-UBERRIDE,419.9,0.0,75325.99,320789.0,245463.01,20455.250833333335
510,UPI-UBER INDIA SYSTEMS P-UBERRIDES@HDFCBANK-HDFC0000499-332459414710-UBERRIDE,281.36,0.0,75325.99,320789.0,245463.01,20455.250833333335
511,UPI-UBER INDIA SYSTEMS P-UBERRIDES@HDFCBANK-HDFC0000499-332437177397-CHARGE,203.97,0.0,75325.99,320789.0,245463.01,20455.250833333335
512,UPI-VARUN GOWDA  M G-VARUNGOWDA31248@OKICICI-CNRB0000033-332568081688-UBER,281.0,0.0,75325.99,320789.0,245463.01,20455.250833333335
514,UPI-UBER INDIA SYSTEMS P-UBERRIDES@HDFCBANK-HDFC0000499-332539732995-CHARGE,174.86,0.0,75325.99,320789.0,245463.01,20455.250833333335
515,UPI-UBER INDIA SYSTEMS P-UBERRIDES@HDFCBANK-HDFC0000499-332641209963-CHARGE,278.14,0.0,75325.99,320789.0,245463.01,20455.250833333335
517,UPI-UBER INDIA SYSTEMS P-UBER@AXISBANK-UTIB0000000-332618057585-CHARGE,349.97,0.0,75325.99,320789.0,245463.01,20455.250833333335
522,UPI-UBER INDIA SYSTEMS P-UBERRIDES@HDFCBANK-HDFC0000499-332846366076-CHARGE,359.95,0.0,75325.99,320789.0,245463.01,20455.250833333335
523,UPI-UBER INDIA SYSTEMS P-UBERRIDES@HDFCBANK-HDFC0000499-332905595264-UBERRIDE,245.69,0.0,75325.99,320789.0,245463.01,20455.250833333335
524,UPI-UBER INDIA SYSTEMS P-UBERRIDES@HDFCBANK-HDFC0000499-332905622439-UBERRIDE,193.96,0.0,75325.99,320789.0,245463.01,20455.250833333335
525,UPI-UBER INDIA SYSTEMS P-UBERRIDES@HDFCBANK-HDFC0000499-332950709020-CHARGE,259.92,0.0,75325.99,320789.0,245463.01,20455.250833333335
527,UPI-UBER INDIA SYSTEMS P-UBERRIDES@HDFCBANK-HDFC0000499-333052934062-CHARGE,223.77,0.0,75325.99,320789.0,245463.01,20455.250833333335
528,UPI-UBER INDIA SYSTEMS P-UBERRIDES@HDFCBANK-HDFC0000499-333167164521-UBERRIDE,247.88,0.0,75325.99,320789.0,245463.01,20455.250833333335
529,UPI-UBER INDIA SYSTEMS P-UBERRIDES@HDFCBANK-HDFC0000499-333154425823-CHARGE,282.36,0.0,75325.99,320789.0,245463.01,20455.250833333335
533,UPI-UBER INDIA SYSTEMS P-UBER@AXISBANK-UTIB0000000-333231717646-CHARGE,339.99,0.0,75325.99,320789.0,245463.01,20455.250833333335
536,UPI-UBER INDIA SYSTEMS P-UBER@AXISBANK-UTIB0000000-333244870914-CHARGE,329.83,0.0,75325.99,320789.0,245463.01,20455.250833333335
537,UPI-UBER INDIA SYSTEMS P-UBERRIDES@HDFCBANK-HDFC0000499-333257572218-CHARGE,174.82,0.0,75325.99,320789.0,245463.01,20455.250833333335
538,UPI-UBER INDIA SYSTEMS P-UBERRIDES@HDFCBANK-HDFC0000499-333359279392-CHARGE,189.35,0.0,75325.99,320789.0,245463.01,20455.250833333335
540,UPI-UBER INDIA SYSTEMS P-UBERRIDES@HDFCBANK-HDFC0000499-333360518374-CHARGE,179.92,0.0,75325.99,320789.0,245463.01,20455.250833333335
542,UPI-UBER INDIA SYSTEMS P-UBERRIDES@HDFCBANK-HDFC0000499-333461919468-CHARGE,277.08,0.0,75325.99,320789.0,245463.01,20455.250833333335
545,UPI-UBER INDIA SYSTEMS P-UBERRIDES@HDFCBANK-HDFC0000499-333463997293-CHARGE,339.98,0.0,75325.99,320789.0,245463.01,20455.250833333335
546,UPI-UBER INDIA SYSTEMS P-UBERRIDES@HDFCBANK-HDFC0000499-333564998252-CHARGE,279.3,0.0,75325.99,320789.0,245463.01,20455.250833333335
548,UPI-UBER INDIA SYSTEMS P-UBERRIDES@HDFCBANK-HDFC0000499-333566727409-CHARGE,259.26,0.0,75325.99,320789.0,245463.01,20455.250833333335
551,UPI-UBER INDIA SYSTEMS P-UBERRIDES@HDFCBANK-HDFC0000499-333770980738-CHARGE,98.22,0.0,75325.99,320789.0,245463.01,20455.250833333335
552,UPI-UBER INDIA SYSTEMS P-UBERRIDES@HDFCBANK-HDFC0000499-333771197842-CHARGE,122.55,0.0,75325.99,320789.0,245463.01,20455.250833333335
554,UPI-UBER INDIA SYSTEMS P-UBERRIDES@HDFCBANK-HDFC0000499-333873367240-CHARGE,282.36,0.0,75325.99,320789.0,245463.01,20455.250833333335
556,UPI-UBER INDIA SYSTEMS P-UBERRIDES@HDFCBANK-HDFC0000499-333875162602-CHARGE,174.8,0.0,75325.99,320789.0,245463.01,20455.250833333335
558,UPI-UBER INDIA SYSTEMS P-UBERRIDES@HDFCBANK-HDFC0000499-333976394740-CHARGE,279.86,0.0,75325.99,320789.0,245463.01,20455.250833333335
559,UPI-UBER INDIA SYSTEMS P-UBERRIDES@HDFCBANK-HDFC0000499-333978222515-CHARGE,174.65,0.0,75325.99,320789.0,245463.01,20455.250833333335
565,UPI-UBER INDIA SYSTEMS P-UBERRIDES@HDFCBANK-HDFC0000499-334182274893-CHARGE,276.8,0.0,75325.99,320789.0,245463.01,20455.250833333335
566,UPI-UBER INDIA SYSTEMS P-UBER@AXISBANK-UTIB0000000-334166202319-CHARGE,172.27,0.0,75325.99,320789.0,245463.01,20455.250833333335
568,UPI-UBER INDIA SYSTEMS P-UBERRIDES@HDFCBANK-HDFC0000499-334284764783-CHARGE,279.3,0.0,75325.99,320789.0,245463.01,20455.250833333335
570,UPI-UBER INDIA SYSTEMS P-UBERRIDES@HDFCBANK-HDFC0000499-334489568787-CHARGE,97.44,0.0,75325.99,320789.0,245463.01,20455.250833333335
575,UPI-UBER INDIA SYSTEMS P-UBERRIDES@HDFCBANK-HDFC0000499-334694218902-CHARGE,11.5,0.0,75325.99,320789.0,245463.01,20455.250833333335
576,UPI-G GIRISH-PAYTMQRO07GPPG1FY@PAYTM-PYTM0123456-334610154997-AUTO,286.0,0.0,75325.99,320789.0,245463.01,20455.250833333335
577,UPI-UBER INDIA SYSTEMS P-UBER@AXISBANK-UTIB0000000-334696684700-CHARGE,173.05,0.0,75325.99,320789.0,245463.01,20455.250833333335
579,UPI-UBER INDIA SYSTEMS P-UBERRIDES@HDFCBANK-HDFC0000499-334800437475-CHARGE,274.86,0.0,75325.99,320789.0,245463.01,20455.250833333335
581,UPI-UBER INDIA SYSTEMS P-UBERRIDES@HDFCBANK-HDFC0000499-334802044108-CHARGE,257.48,0.0,75325.99,320789.0,245463.01,20455.250833333335
583,UPI-UBER INDIA SYSTEMS P-UBERRIDES@HDFCBANK-HDFC0000499-334903452594-CHARGE,274.86,0.0,75325.99,320789.0,245463.01,20455.250833333335
586,UPI-UBER INDIA SYSTEMS P-UBERRIDES@HDFCBANK-HDFC0000499-335314888554-CHARGE,276.53,0.0,75325.99,320789.0,245463.01,20455.250833333335
587,UPI-UBER INDIA SYSTEMS P-UBERRIDES@HDFCBANK-HDFC0000499-335317153345-CHARGE,257.48,0.0,75325.99,320789.0,245463.01,20455.250833333335
589,UPI-UBER INDIA SYSTEMS P-UBERRIDES@HDFCBANK-HDFC0000499-335419015204-CHARGE,279.3,0.0,75325.99,320789.0,245463.01,20455.250833333335
590,UPI-UBER INDIA SYSTEMS P-UBERRIDES@HDFCBANK-HDFC0000499-335421199891-CHARGE,257.76,0.0,75325.99,320789.0,245463.01,20455.250833333335
591,UPI-UBER INDIA SYSTEMS P-UBERRIDES@HDFCBANK-HDFC0000499-335522837715-CHARGE,329.15,0.0,75325.99,320789.0,245463.01,20455.250833333335
594,UPI-UBER INDIA SYSTEMS P-UBERRIDES@HDFCBANK-HDFC0000499-335524998264-CHARGE,259.76,0.0,75325.99,320789.0,245463.01,20455.250833333335
595,INT. AUTO_REDEMPTION  50300724516762,0.0,19981.0,75325.99,320789.0,245463.01,20455.250833333335
596,PRIN AND INT AUTO_REDEEM 50300724516762,0.0,300000.0,75325.99,320789.0,245463.01,20455.250833333335
599,UPI-UBER INDIA SYSTEMS P-UBERRIDES@HDFCBANK-HDFC0000499-335730417413-CHARGE,278.14,0.0,75325.99,320789.0,245463.01,20455.250833333335
602,UPI-UBER INDIA SYSTEMS P-UBERRIDES@HDFCBANK-HDFC0000499-335732016555-CHARGE,217.71,0.0,75325.99,320789.0,245463.01,20455.250833333335
603,UPI-MURTHY R-9008959915@YBL-CNRB0000000-335728439684-AUTO,50.0,0.0,75325.99,320789.0,245463.01,20455.250833333335
605,UPI-UBER INDIA SYSTEMS P-UBERRIDES@HDFCBANK-HDFC0000499-335833963387-CHARGE,230.55,0.0,75325.99,320789.0,245463.01,20455.250833333335
607,UPI-UBER INDIA SYSTEMS P-UBERRIDES@HDFCBANK-HDFC0000499-335935080041-CHARGE,189.99,0.0,75325.99,320789.0,245463.01,20455.250833333335
612,UPI-UBER INDIA SYSTEMS P-UBERRIDES@HDFCBANK-HDFC0000499-336139247148-UBERRIDE,199.91,0.0,75325.99,320789.0,245463.01,20455.250833333335
614,UPI-UBER INDIA SYSTEMS P-UBERRIDES@HDFCBANK-HDFC0000499-336141575814-CHARGE,259.54,0.0,75325.99,320789.0,245463.01,20455.250833333335
615,UPI-UBER INDIA SYSTEMS P-UBERRIDES@HDFCBANK-HDFC0000499-336272393311-UBERRIDE,279.86,0.0,75325.99,320789.0,245463.01,20455.250833333335
619,UPI-UBER INDIA SYSTEMS P-UBERRIDES@HDFCBANK-HDFC0000499-336291091794-UBERRIDE,277.64,0.0,75325.99,320789.0,245463.01,20455.250833333335
620,UPI-UBER INDIA SYSTEMS P-UBERRIDES@HDFCBANK-HDFC0000499-336244546339-CHARGE,154.48,0.0,75325.99,320789.0,245463.01,20455.250833333335
622,UPI-UBER INDIA SYSTEMS P-UBERRIDES@HDFCBANK-HDFC0000499-336245019359-CHARGE,207.65,0.0,75325.99,320789.0,245463.01,20455.250833333335
623,UPI-UBER INDIA SYSTEMS P-UBERRIDES@HDFCBANK-HDFC0000499-336345757671-CHARGE,282.36,0.0,75325.99,320789.0,245463.01,20455.250833333335
629,UPI-ANEES-AMZN0026720698@APL-ESFB0001001-336334405630-AUTO,259.0,0.0,75325.99,320789.0,245463.01,20455.250833333335
633,UPI-UBER INDIA SYSTEMS P-UBER@AXISBANK-UTIB0000000-336457125002-CHARGE,279.97,0.0,75325.99,320789.0,245463.01,20455.250833333335
637,UPI-UBER INDIA SYSTEMS P-UBERRIDES@HDFCBANK-HDFC0000499-336551300359-CHARGE,349.11,0.0,75325.99,320789.0,245463.01,20455.250833333335
639,UPI-UBER INDIA SYSTEMS P-UBERRIDES@HDFCBANK-HDFC0000499-400256443423-CHARGE,359.98,0.0,75325.99,320789.0,245463.01,20455.250833333335
642,UPI-LAKSHMI R-RAJESHLAKSHMIRRAJESHLAKSHMIR8@OKSBI-KARB0000914-400288594534-UBER,329.0,0.0,75325.99,320789.0,245463.01,20455.250833333335
643,UPI-UBER INDIA SYSTEMS P-UBERRIDES@HDFCBANK-HDFC0000499-400395700308-UBERRIDE,279.99,0.0,75325.99,320789.0,245463.01,20455.250833333335
646,UPI-UBER INDIA SYSTEMS P-UBERRIDES@HDFCBANK-HDFC0000499-400361413915-CHARGE,289.91,0.0,75325.99,320789.0,245463.01,20455.250833333335
648,UPI-UBER INDIA SYSTEMS P-UBERRIDES@HDFCBANK-HDFC0000499-400433804893-UBERRIDE,284.18,0.0,75325.99,320789.0,245463.01,20455.250833333335
649,UPI-NAGAPPA-9880935900@YBL-KARB0000104-400435637726-AUTO,259.0,0.0,75325.99,320789.0,245463.01,20455.250833333335
651,UPI-UBER INDIA SYSTEMS P-UBERRIDES@HDFCBANK-HDFC0000499-400464607971-CHARGE,242.92,0.0,75325.99,320789.0,245463.01,20455.250833333335
652,UPI-UBER INDIA SYSTEMS P-UBERRIDES@HDFCBANK-HDFC0000499-400565275192-CHARGE,359.99,0.0,75325.99,320789.0,245463.01,20455.250833333335
654,UPI-UBER INDIA SYSTEMS P-UBERRIDES@HDFCBANK-HDFC0000499-400566139490-CHARGE,299.93,0.0,75325.99,320789.0,245463.01,20455.250833333335
656,UPI-UBER INDIA SYSTEMS P-UBERRIDES@HDFCBANK-HDFC0000499-400568216841-CHARGE,299.93,0.0,75325.99,320789.0,245463.01,20455.250833333335
657,UPI-UBER INDIA SYSTEMS P-UBERRIDES@HDFCBANK-HDFC0000499-400669159674-CHARGE,279.8,0.0,75325.99,320789.0,245463.01,20455.250833333335
661,UPI-DUNZO-DUNZO.CASHFREE@HDFCBANK-HDFC0004460-400886399406-DUNZO ORDER,408.0,0.0,75325.99,320789.0,245463.01,20455.250833333335
662,UPI-DUNZO DIGITAL PRIVAT-DUNZO.PAYU@HDFCBANK-HDFC0000499-400886549094-DUNZO ORDER,408.0,0.0,75325.99,320789.0,245463.01,20455.250833333335
663,UPI-DUNZO-DUNZO.CASHFREE@HDFCBANK-HDFC0004460-400874480953-UPI REFUND,0.0,408.0,75325.99,320789.0,245463.01,20455.250833333335
664,UPI-MEENAKSHI PARASURAM-MEENAKSHI.PARASURAM-3@OKHDFCBANK-HDFC0000060-400890421322-DUNZO REIMBURSEMEN,0.0,400.0,75325.99,320789.0,245463.01,20455.250833333335
668,UPI-UBER INDIA SYSTEMS P-UBERRIDES@HDFCBANK-HDFC0000499-401182690489-CHARGE,276.53,0.0,75325.99,320789.0,245463.01,20455.250833333335
670,UPI-UBER INDIA SYSTEMS P-UBERRIDES@HDFCBANK-HDFC0000499-401184268297-CHARGE,289.97,0.0,75325.99,320789.0,245463.01,20455.250833333335
671,UPI-UBER INDIA SYSTEMS P-UBERRIDES@HDFCBANK-HDFC0000499-401285050405-CHARGE,277.36,0.0,75325.99,320789.0,245463.01,20455.250833333335
672,UPI-UBER INDIA SYSTEMS P-UBERRIDES@HDFCBANK-HDFC0000499-401387138062-CHARGE,309.92,0.0,75325.99,320789.0,245463.01,20455.250833333335
674,UPI-UBER INDIA SYSTEMS P-UBERRIDES@HDFCBANK-HDFC0000499-401591821639-CHARGE,279.03,0.0,75325.99,320789.0,245463.01,20455.250833333335
676,UPI-UBER INDIA SYSTEMS P-UBERRIDES@HDFCBANK-HDFC0000499-401694216005-CHARGE,277.08,0.0,75325.99,320789.0,245463.01,20455.250833333335
679,UPI-UBER INDIA SYSTEMS P-UBERRIDES@HDFCBANK-HDFC0000499-401797056783-CHARGE,284.45,0.0,75325.99,320789.0,245463.01,20455.250833333335
681,UPI-UBER INDIA SYSTEMS P-UBERRIDES@HDFCBANK-HDFC0000499-401798755545-CHARGE,171.19,0.0,75325.99,320789.0,245463.01,20455.250833333335
682,UPI-UBER INDIA SYSTEMS P-UBERRIDES@HDFCBANK-HDFC0000499-401742970630-UBERRIDE,319.98,0.0,75325.99,320789.0,245463.01,20455.250833333335
683,UPI-UBER INDIA SYSTEMS P-UBERRIDES@HDFCBANK-HDFC0000499-401899780728-CHARGE,299.98,0.0,75325.99,320789.0,245463.01,20455.250833333335
685,UPI-UBER INDIA SYSTEMS P-UBER@AXISBANK-UTIB0000000-401876177093-CHARGE,171.55,0.0,75325.99,320789.0,245463.01,20455.250833333335
686,UPI-UBER INDIA SYSTEMS P-UBERRIDES@HDFCBANK-HDFC0000499-401902351180-CHARGE,319.98,0.0,75325.99,320789.0,245463.01,20455.250833333335
688,UPI-UBER INDIA SYSTEMS P-UBERRIDES@HDFCBANK-HDFC0000499-401903739072-CHARGE,229.92,0.0,75325.99,320789.0,245463.01,20455.250833333335
692,UPI-UBER INDIA SYSTEMS P-UBERRIDES@HDFCBANK-HDFC0000499-402208871574-CHARGE,282.08,0.0,75325.99,320789.0,245463.01,20455.250833333335
693,UPI-UBER INDIA SYSTEMS P-UBERRIDES@HDFCBANK-HDFC0000499-402212647927-UBERRIDE,529.94,0.0,75325.99,320789.0,245463.01,20455.250833333335
694,UPI-UBER INDIA SYSTEMS P-UBERRIDES@HDFCBANK-HDFC0000499-402210017241-CHARGE,172.97,0.0,75325.99,320789.0,245463.01,20455.250833333335
697,UPI-UBER INDIA SYSTEMS P-UBERRIDES@HDFCBANK-HDFC0000499-402413932658-CHARGE,249.9,0.0,75325.99,320789.0,245463.01,20455.250833333335
698,UPI-UBER INDIA SYSTEMS P-UBERRIDES@HDFCBANK-HDFC0000499-402415562685-CHARGE,201.02,0.0,75325.99,320789.0,245463.01,20455.250833333335
700,UPI-UBER INDIA SYSTEMS P-UBERRIDES@HDFCBANK-HDFC0000499-402516446414-CHARGE,235.71,0.0,75325.99,320789.0,245463.01,20455.250833333335
702,UPI-UBER INDIA SYSTEMS P-UBERRIDES@HDFCBANK-HDFC0000499-402517258795-CHARGE,345.02,0.0,75325.99,320789.0,245463.01,20455.250833333335
707,UPI-UBER INDIA SYSTEMS P-UBERRIDES@HDFCBANK-HDFC0000499-402722471933-CHARGE,42.01,0.0,75325.99,320789.0,245463.01,20455.250833333335
709,UPI-UBER INDIA SYSTEMS P-UBERRIDES@HDFCBANK-HDFC0000499-402722979168-CHARGE,105.33,0.0,75325.99,320789.0,245463.01,20455.250833333335
712,UPI-UBER INDIA SYSTEMS P-UBERRIDES@HDFCBANK-HDFC0000499-402927545304-CHARGE,279.73,0.0,75325.99,320789.0,245463.01,20455.250833333335
714,UPI-UBER INDIA SYSTEMS P-UBERRIDES@HDFCBANK-HDFC0000499-402929286603-CHARGE,309.96,0.0,75325.99,320789.0,245463.01,20455.250833333335
716,UPI-UBER INDIA SYSTEMS P-UBERRIDES@HDFCBANK-HDFC0000499-403030537507-CHARGE,92.05,0.0,75325.99,320789.0,245463.01,20455.250833333335
717,UPI-UBER INDIA SYSTEMS P-UBERRIDES@HDFCBANK-HDFC0000499-403030902447-CHARGE,76.02,0.0,75325.99,320789.0,245463.01,20455.250833333335
718,UPI-UBER INDIA SYSTEMS P-UBERRIDES@HDFCBANK-HDFC0000499-403133965610-CHARGE,249.99,0.0,75325.99,320789.0,245463.01,20455.250833333335
721,UPI-UBER INDIA SYSTEMS P-UBERRIDES@HDFCBANK-HDFC0000499-403135997430-CHARGE,172.41,0.0,75325.99,320789.0,245463.01,20455.250833333335
722,UPI-UBER INDIA SYSTEMS P-UBER@AXISBANK-UTIB0000000-403264129518-CHARGE,299.93,0.0,75325.99,320789.0,245463.01,20455.250833333335
723,UPI-UBER INDIA SYSTEMS P-UBERRIDES@HDFCBANK-HDFC0000499-403239154593-CHARGE,173.99,0.0,75325.99,320789.0,245463.01,20455.250833333335
726,UPI-UBER INDIA SYSTEMS P-UBERRIDES@HDFCBANK-HDFC0000499-403340711660-CHARGE,299.98,0.0,75325.99,320789.0,245463.01,20455.250833333335
729,UPI-UBER INDIA SYSTEMS P-UBERRIDES@HDFCBANK-HDFC0000499-403342201723-CHARGE,254.53,0.0,75325.99,320789.0,245463.01,20455.250833333335
733,UPI-UBER INDIA SYSTEMS P-UBERRIDES@HDFCBANK-HDFC0000499-403651638471-CHARGE,278.81,0.0,75325.99,320789.0,245463.01,20455.250833333335
736,UPI-UBER INDIA SYSTEMS P-UBER@AXISBANK-UTIB0000000-403691397602-CHARGE,289.91,0.0,75325.99,320789.0,245463.01,20455.250833333335
743,UPI-UBER INDIA SYSTEMS P-UBERRIDES@HDFCBANK-HDFC0000499-403963219604-CHARGE,275.64,0.0,75325.99,320789.0,245463.01,20455.250833333335
746,UPI-UBER INDIA SYSTEMS P-UBERRIDES@HDFCBANK-HDFC0000499-403965854671-CHARGE,319.95,0.0,75325.99,320789.0,245463.01,20455.250833333335
747,UPI-UBER INDIA SYSTEMS P-UBERRIDES@HDFCBANK-HDFC0000499-404067172230-CHARGE,277.92,0.0,75325.99,320789.0,245463.01,20455.250833333335
749,UPI-UBER INDIA SYSTEMS P-UBERRIDES@HDFCBANK-HDFC0000499-404070173522-CHARGE,339.97,0.0,75325.99,320789.0,245463.01,20455.250833333335
750,UPI-UBER INDIA SYSTEMS P-UBERRIDES@HDFCBANK-HDFC0000499-404171186629-CHARGE,290.0,0.0,75325.99,320789.0,245463.01,20455.250833333335
752,UPI-UBER INDIA SYSTEMS P-UBERRIDES@HDFCBANK-HDFC0000499-404173593722-CHARGE,200.95,0.0,75325.99,320789.0,245463.01,20455.250833333335
753,UPI-UBER INDIA SYSTEMS P-UBERRIDES@HDFCBANK-HDFC0000499-404274872147-CHARGE,289.95,0.0,75325.99,320789.0,245463.01,20455.250833333335
754,UPI-VARUN GOWDA  M G-VARUNGOWDA31248@OKICICI-CNRB0000033-404266629760-AUTO,258.0,0.0,75325.99,320789.0,245463.01,20455.250833333335
756,UPI-UBER INDIA SYSTEMS P-UBERRIDES@HDFCBANK-HDFC0000499-404378565843-CHARGE,275.16,0.0,75325.99,320789.0,245463.01,20455.250833333335
760,UPI-UBER INDIA SYSTEMS P-UBER@AXISBANK-UTIB0000000-404449077895-CHARGE,277.64,0.0,75325.99,320789.0,245463.01,20455.250833333335
771,UPI-UBER INDIA SYSTEMS P-UBERRIDES@HDFCBANK-HDFC0000499-404726621377-UBERRIDE,306.08,0.0,75325.99,320789.0,245463.01,20455.250833333335
772,UPI-UBER INDIA SYSTEMS P-UBERRIDES@HDFCBANK-HDFC0000499-404793477209-CHARGE,277.36,0.0,75325.99,320789.0,245463.01,20455.250833333335
774,UPI-UBER INDIA SYSTEMS P-UBER@AXISBANK-UTIB0000000-404772964393-CHARGE,46.73,0.0,75325.99,320789.0,245463.01,20455.250833333335
775,UPI-UBER INDIA SYSTEMS P-UBERRIDES@HDFCBANK-HDFC0000499-404795634339-CHARGE,212.12,0.0,75325.99,320789.0,245463.01,20455.250833333335
